{
  "input-form-panel": {
    "left": 0,
    "top": 0,
    "width": 445,
    "height": 114
  },
  "document-list-panel": {
    "left": 0,
    "top": 0,
    "width": 361,
    "height": 264
  },
  "document-replay-ui": {
    "left": 0,
    "top": 256,
    "width": 407,
    "height": 98
  },
  "preview-textarea": {
    "left": 0,
    "top": 0,
    "width": 360,
    "height": 254
  },
  "preview-toolbar": {
    "left": 10,
    "top": 270,
    "width": 420,
    "height": 50
  },
  "processing-panel": {
    "left": 1,
    "top": 64,
    "width": 986,
    "height": 354
  },
  "processing-tabs": {
    "left": 0,
    "top": 0,
    "width": 988,
    "height": 52
  },
  "processing-records-toolbar": {
    "left": 0,
    "top": 54,
    "width": 987,
    "height": 90
  },
  "processing-records-list": {
    "left": 0,
    "top": 142,
    "width": 989,
    "height": 261
  },
  "operations-panel": {
    "left": 0,
    "top": 0,
    "width": 991,
    "height": 114
  }
}