{
  "scene_1769066488387": {
    "id": "scene_1769066488387",
    "docIds": [
      "b16c28c9-2d2b-46da-a895-e251b3b80df7",
      "c886d4a2-e40b-48a7-a266-24eb210ac090",
      "1fb0b551-9209-4855-9690-893927c8fbaa",
      "40e52a1e-31ce-4b97-b567-1309c9ac4302",
      "8b2ba294-91c7-408e-a2de-6ced73452119",
      "ca95196a-71b6-4da6-8ef4-8034991d2564"
    ],
    "sectionDocLinks": {},
    "customTemplate": {
      "id": "template_empty",
      "name": "空模板",
      "sections": []
    },
    "template": {
      "id": "template_auto",
      "name": "自动生成模板",
      "sections": [
        {
          "id": "1",
          "title": "一、警务要素“勤”方面",
          "hint": "聚焦勤务部署频次、岗位投入、平台监测及督导方式，突出一体化管控实效。",
          "summary": "勤务调度与政治中心区防控情况",
          "level": 1
        },
        {
          "id": "2",
          "title": "（一）政治中心区防控工作情况",
          "hint": "说明启动时段、岗/人配置、网格化平台应用及预警、电台、视频、实地四类督导形式。",
          "summary": "64",
          "summaries": [
            {
              "id": "2_sum_0",
              "content": "64"
            },
            {
              "id": "2_sum_1769383775808",
              "content": ""
            },
            {
              "id": "2_sum_1769375913066",
              "content": ""
            },
            {
              "id": "2_sum_1769375914699",
              "content": ""
            }
          ],
          "level": 2
        },
        {
          "id": "3",
          "title": "二、勤务要素“情”方面",
          "hint": "整合警情升降趋势、结构占比、重点类别变化，并关联区域流转与敏感舆情处置逻辑。",
          "summary": "警情总量、刑事治安态势及舆情响应",
          "level": 1
        },
        {
          "id": "4",
          "title": "【全市警情整体态势】",
          "hint": "须呈现环比、同比双维度变化，区分派警/非派警占比及增减动因。",
          "summary": "全局接报与派警类警情总体走势",
          "level": 2
        },
        {
          "id": "5",
          "title": "（一）警情总量情况",
          "hint": "明确数据口径（如对比去年月份均值），突出派警类主导性及非派警类下降特征。",
          "summary": "接报警情总量及派警/非派警构成",
          "level": 3
        },
        {
          "id": "6",
          "title": "（二）刑事治安警情",
          "hint": "强调校准依据（执法办案平台），分列刑事/治安子项及电信诈骗、盗窃等重点类别变化。",
          "summary": "剔除自主打击后的真实警情走势",
          "level": 3
        },
        {
          "id": "7",
          "title": "【区域警务流转调度情况】",
          "hint": "量化信息接收、线索流转、人员涉及及扬言滋事化解数，辅以外省重点人核查实例。",
          "summary": "跨区域线索流转与源头稳控成效",
          "level": 2
        },
        {
          "id": "8",
          "title": "（一）敏感舆情",
          "hint": "按时间/来源归类，每起需包含事件概要、网安初处动作、属地核查结论及应对措施。",
          "summary": "五起重点舆情事件及属地处置进展",
          "level": 2
        },
        {
          "id": "9",
          "title": "六、警务要素“物”方面",
          "hint": "以系统为单位（治安/人口/公交/内保/无人机）分述列管底数、动态检查、风险处置及数据趋势。",
          "summary": "危险物品、刀具、重点人、无人机等物防管理",
          "level": 1
        },
        {
          "id": "10",
          "title": "【治安系统】",
          "hint": "列出七类单位数量、器具规模，强调检查频次、问题排查结果及收缴/刑拘成果。",
          "summary": "危险品单位与低慢小航空器列管情况",
          "level": 2
        },
        {
          "id": "11",
          "title": "【人口系统】",
          "hint": "说明数据来源（网安）、分发去向、风险等级判定逻辑及处置完成率。",
          "summary": "重点人员购刀数据推送与风险评估",
          "level": 2
        },
        {
          "id": "12",
          "title": "【公交系统】",
          "hint": "呈现日/累计核验人次、禁租分类（前科/精神/涉访等）及趋势对比。",
          "summary": "公交总队汽车租赁数据\n\n\n\nXXXX年XX月XX日，本市租赁汽车行业共采集核验承租人XXXX人次，禁租重点人XX人次（涉案前科类XX人次、涉精神类X人次、涉访类X人次、重点关注人员X人次）\nXXXX年XX月X日以来，共采集核验全市承租人X.X万人次，禁租重点人员XXX人次。XXXX年以来，共采集核验全市承租人XXX.X万人次，禁租重点人员XXXX人次。",
          "level": 2,
          "summaries": [
            {
              "id": "12_sum_0",
              "content": "公交总队汽车租赁数据\n\n\n\nXXXX年XX月XX日，本市租赁汽车行业共采集核验承租人XXXX人次，禁租重点人XX人次（涉案前科类XX人次、涉精神类X人次、涉访类X人次、重点关注人员X人次）\nXXXX年XX月X日以来，共采集核验全市承租人X.X万人次，禁租重点人员XXX人次。XXXX年以来，共采集核验全市承租人XXX.X万人次，禁租重点人员XXXX人次。"
            }
          ]
        },
        {
          "id": "13",
          "title": "【内保系统】",
          "hint": "点明站点总数、治安刑事零警情、线上申请及历年累计购买量。",
          "summary": "加油站监管与散装汽油线上购买情况",
          "level": 2
        },
        {
          "id": "14",
          "title": "【无人机数据】",
          "hint": "汇总总起数、办结/未办结状态分布，每起需标注位置、型号、SN码及当前处置阶段。",
          "summary": "自XXXX年XX月X日起，情报研战团队共接报XXXX起无人机事件。已办结：XXX件，未办结：XXX件（调证中：XXX件；工作中XXX件）。\n    今日接报X起无人机事件。\n    X.（已办结）XX月XX日X时XX分，无人机反制中心自建阵地发现一大疆御AirX无人机警情，显示位置在东城区内蒙古大厦附近，高度X米、速度X米/秒，SN码XNXBHXNXXXXXUX。经民警到场工作，乘客屈子欣乘火车自吉林至北京，在经过北京站地铁站安检时被站内民警要求开机，后被发现。其自述今日坐地铁准备返回海淀清河街道毛纺厂南小区家中，携带无人机为XXXX年在网上购买，用于外地旅途中拍照使用，无人机型号:MAVIC AIRX。为进一步核对登记无人机序列号，在民警监督下开机核验序列号后关机。现已告知该人相关政策，并通报其海淀暂住地派出所，告知其自行前往派出所报备。\n    X.（工作中）XX月XX日XX时XX分，无人机反制中心经工作发现一大疆御XPro无人机警情，显示位置在中山公园音乐堂附近，无高度、速度信息，SN码FXXQCXXXKXXXXXNA。经现场走访查找和视频回溯，未发现携带无人机情况。下步天安门分局将继续开展走访调查，如仍未发现将按照分局规范开展调证查人等工作。\n    X.（工作中）XX月XX日XX时XX分，无人机反制中心自建阵地发现一大疆FPV无人机警情，显示位置在西城区北京天桥艺术大厦附近，高度XX米，速度X.XX米/秒，SN码XXQBKXNBDXXXSS。经现场工作，空中飞行的系风筝，目前无人机信号消失，反特总队正会同属地开展工作。\n    X.（调证中）XX月XX日XX时XX分，无人机反制中心经工作发现一大疆miniX无人机警情，显示位置在房山区良坨北路附近，高度XX米，速度X.X米/秒，SN码XCXCLCMXXXCQHF。经工作，现场未发现，目前由房山分局进行调证工作。\n    X.（调证中）XX月XX日XX时XX分，无人机反制中心工作中发现一道通无人机警情，显示位置在海淀区马甸月季园小区附近，高度X米，速度X.X米/秒，SN码XXXXCLTOXXXXXXXXX。海淀分局民警前往马甸月季园小区附近查找，未发现放飞无人机情况，调取小区内视频也未发现。准备调取SN码查找该人信息。",
          "level": 2,
          "summaries": [
            {
              "id": "14_sum_0",
              "content": "自XXXX年XX月X日起，情报研战团队共接报XXXX起无人机事件。已办结：XXX件，未办结：XXX件（调证中：XXX件；工作中XXX件）。\n    今日接报X起无人机事件。\n    X.（已办结）XX月XX日X时XX分，无人机反制中心自建阵地发现一大疆御AirX无人机警情，显示位置在东城区内蒙古大厦附近，高度X米、速度X米/秒，SN码XNXBHXNXXXXXUX。经民警到场工作，乘客屈子欣乘火车自吉林至北京，在经过北京站地铁站安检时被站内民警要求开机，后被发现。其自述今日坐地铁准备返回海淀清河街道毛纺厂南小区家中，携带无人机为XXXX年在网上购买，用于外地旅途中拍照使用，无人机型号:MAVIC AIRX。为进一步核对登记无人机序列号，在民警监督下开机核验序列号后关机。现已告知该人相关政策，并通报其海淀暂住地派出所，告知其自行前往派出所报备。\n    X.（工作中）XX月XX日XX时XX分，无人机反制中心经工作发现一大疆御XPro无人机警情，显示位置在中山公园音乐堂附近，无高度、速度信息，SN码FXXQCXXXKXXXXXNA。经现场走访查找和视频回溯，未发现携带无人机情况。下步天安门分局将继续开展走访调查，如仍未发现将按照分局规范开展调证查人等工作。\n    X.（工作中）XX月XX日XX时XX分，无人机反制中心自建阵地发现一大疆FPV无人机警情，显示位置在西城区北京天桥艺术大厦附近，高度XX米，速度X.XX米/秒，SN码XXQBKXNBDXXXSS。经现场工作，空中飞行的系风筝，目前无人机信号消失，反特总队正会同属地开展工作。\n    X.（调证中）XX月XX日XX时XX分，无人机反制中心经工作发现一大疆miniX无人机警情，显示位置在房山区良坨北路附近，高度XX米，速度X.X米/秒，SN码XCXCLCMXXXCQHF。经工作，现场未发现，目前由房山分局进行调证工作。\n    X.（调证中）XX月XX日XX时XX分，无人机反制中心工作中发现一道通无人机警情，显示位置在海淀区马甸月季园小区附近，高度X米，速度X.X米/秒，SN码XXXXCLTOXXXXXXXXX。海淀分局民警前往马甸月季园小区附近查找，未发现放飞无人机情况，调取小区内视频也未发现。准备调取SN码查找该人信息。"
            }
          ]
        }
      ]
    },
    "sections": {}
  },
  "main": {
    "id": "main",
    "docIds": [
      "b16c28c9-2d2b-46da-a895-e251b3b80df7",
      "c886d4a2-e40b-48a7-a266-24eb210ac090",
      "1fb0b551-9209-4855-9690-893927c8fbaa",
      "40e52a1e-31ce-4b97-b567-1309c9ac4302",
      "8b2ba294-91c7-408e-a2de-6ced73452119",
      "doc_1769400954314_sy9t5auy5",
      "ca95196a-71b6-4da6-8ef4-8034991d2564"
    ],
    "sectionDocLinks": {
      "12": [
        "8b2ba294-91c7-408e-a2de-6ced73452119"
      ],
      "14": [
        "doc_1769400954314_sy9t5auy5"
      ]
    },
    "customTemplate": {
      "id": "template_auto",
      "name": "自动生成模板",
      "sections": [
        {
          "id": "1",
          "title": "一、警务要素“勤”方面",
          "hint": "聚焦勤务部署频次、岗位投入、平台监测及督导方式，突出一体化管控实效。",
          "summary": "勤务调度与政治中心区防控情况",
          "level": 1
        },
        {
          "id": "2",
          "title": "（一）政治中心区防控工作情况",
          "hint": "说明启动时段、岗/人配置、网格化平台应用及预警、电台、视频、实地四类督导形式。",
          "summary": "加强防控勤务运行与全要素监测",
          "summaries": [
            {
              "id": "2_sum_0",
              "content": "加强防控勤务运行与全要素监测"
            },
            {
              "id": "2_sum_1769383775808",
              "content": "政治中心区调度检查 559 次"
            },
            {
              "id": "2_sum_1769375913066",
              "content": "64"
            },
            {
              "id": "2_sum_1769375914699",
              "content": ""
            }
          ],
          "level": 2
        },
        {
          "id": "3",
          "title": "二、勤务要素“情”方面",
          "hint": "整合警情升降趋势、结构占比、重点类别变化，并关联区域流转与敏感舆情处置逻辑。",
          "summary": "警情总量、刑事治安态势及舆情响应",
          "level": 1
        },
        {
          "id": "4",
          "title": "【全市警情整体态势】",
          "hint": "须呈现环比、同比双维度变化，区分派警/非派警占比及增减动因。",
          "summary": "全局接报与派警类警情总体走势",
          "level": 2
        },
        {
          "id": "5",
          "title": "（一）警情总量情况",
          "hint": "明确数据口径（如对比去年月份均值），突出派警类主导性及非派警类下降特征。",
          "summary": "接报警情总量及派警/非派警构成",
          "level": 3
        },
        {
          "id": "6",
          "title": "（二）刑事治安警情",
          "hint": "强调校准依据（执法办案平台），分列刑事/治安子项及电信诈骗、盗窃等重点类别变化。",
          "summary": "剔除自主打击后的真实警情走势",
          "level": 3
        },
        {
          "id": "7",
          "title": "【区域警务流转调度情况】",
          "hint": "量化信息接收、线索流转、人员涉及及扬言滋事化解数，辅以外省重点人核查实例。",
          "summary": "跨区域线索流转与源头稳控成效",
          "level": 2
        },
        {
          "id": "8",
          "title": "（一）敏感舆情",
          "hint": "按时间/来源归类，每起需包含事件概要、网安初处动作、属地核查结论及应对措施。",
          "summary": "五起重点舆情事件及属地处置进展",
          "level": 2
        },
        {
          "id": "9",
          "title": "六、警务要素“物”方面",
          "hint": "以系统为单位（治安/人口/公交/内保/无人机）分述列管底数、动态检查、风险处置及数据趋势。",
          "summary": "危险物品、刀具、重点人、无人机等物防管理",
          "level": 1
        },
        {
          "id": "10",
          "title": "【治安系统】",
          "hint": "列出七类单位数量、器具规模，强调检查频次、问题排查结果及收缴/刑拘成果。",
          "summary": "危险品单位与低慢小航空器列管情况",
          "level": 2
        },
        {
          "id": "11",
          "title": "【人口系统】",
          "hint": "说明数据来源（网安）、分发去向、风险等级判定逻辑及处置完成率。",
          "summary": "重点人员购刀数据推送与风险评估",
          "level": 2
        },
        {
          "id": "12",
          "title": "【公交系统】",
          "hint": "呈现日/累计核验人次、禁租分类（前科/精神/涉访等）及趋势对比。",
          "summary": "公交总队汽车租赁数据\n\n\n\nXXXX年XX月XX日，本市租赁汽车行业共采集核验承租人XXXX人次，禁租重点人XX人次（涉案前科类XX人次、涉精神类X人次、涉访类X人次、重点关注人员X人次）\nXXXX年XX月X日以来，共采集核验全市承租人X.X万人次，禁租重点人员XXX人次。XXXX年以来，共采集核验全市承租人XXX.X万人次，禁租重点人员XXXX人次。",
          "level": 2,
          "summaries": [
            {
              "id": "12_sum_0",
              "content": "公交总队汽车租赁数据\n\n\n\nXXXX年XX月XX日，本市租赁汽车行业共采集核验承租人XXXX人次，禁租重点人XX人次（涉案前科类XX人次、涉精神类X人次、涉访类X人次、重点关注人员X人次）\nXXXX年XX月X日以来，共采集核验全市承租人X.X万人次，禁租重点人员XXX人次。XXXX年以来，共采集核验全市承租人XXX.X万人次，禁租重点人员XXXX人次。"
            }
          ]
        },
        {
          "id": "13",
          "title": "【内保系统】",
          "hint": "点明站点总数、治安刑事零警情、线上申请及历年累计购买量。",
          "summary": "加油站监管与散装汽油线上购买情况",
          "level": 2
        },
        {
          "id": "14",
          "title": "【无人机数据】",
          "hint": "汇总总起数、办结/未办结状态分布，每起需标注位置、型号、SN码及当前处置阶段。",
          "summary": "自XXXX年XX月X日起，情报研战团队共接报XXXX起无人机事件。已办结：XXX件，未办结：XXX件（调证中：XXX件；工作中XXX件）。\n    今日接报X起无人机事件。\n    X.（已办结）XX月XX日X时XX分，无人机反制中心自建阵地发现一大疆御AirX无人机警情，显示位置在东城区内蒙古大厦附近，高度X米、速度X米/秒，SN码XNXBHXNXXXXXUX。经民警到场工作，乘客屈子欣乘火车自吉林至北京，在经过北京站地铁站安检时被站内民警要求开机，后被发现。其自述今日坐地铁准备返回海淀清河街道毛纺厂南小区家中，携带无人机为XXXX年在网上购买，用于外地旅途中拍照使用，无人机型号:MAVIC AIRX。为进一步核对登记无人机序列号，在民警监督下开机核验序列号后关机。现已告知该人相关政策，并通报其海淀暂住地派出所，告知其自行前往派出所报备。\n    X.（工作中）XX月XX日XX时XX分，无人机反制中心经工作发现一大疆御XPro无人机警情，显示位置在中山公园音乐堂附近，无高度、速度信息，SN码FXXQCXXXKXXXXXNA。经现场走访查找和视频回溯，未发现携带无人机情况。下步天安门分局将继续开展走访调查，如仍未发现将按照分局规范开展调证查人等工作。\n    X.（工作中）XX月XX日XX时XX分，无人机反制中心自建阵地发现一大疆FPV无人机警情，显示位置在西城区北京天桥艺术大厦附近，高度XX米，速度X.XX米/秒，SN码XXQBKXNBDXXXSS。经现场工作，空中飞行的系风筝，目前无人机信号消失，反特总队正会同属地开展工作。\n    X.（调证中）XX月XX日XX时XX分，无人机反制中心经工作发现一大疆miniX无人机警情，显示位置在房山区良坨北路附近，高度XX米，速度X.X米/秒，SN码XCXCLCMXXXCQHF。经工作，现场未发现，目前由房山分局进行调证工作。\n    X.（调证中）XX月XX日XX时XX分，无人机反制中心工作中发现一道通无人机警情，显示位置在海淀区马甸月季园小区附近，高度X米，速度X.X米/秒，SN码XXXXCLTOXXXXXXXXX。海淀分局民警前往马甸月季园小区附近查找，未发现放飞无人机情况，调取小区内视频也未发现。准备调取SN码查找该人信息。\n",
          "level": 2
        }
      ]
    },
    "template": {
      "id": "template_empty",
      "name": "空模板",
      "sections": []
    },
    "sections": {}
  }
}