{
  "layoutSize": {
    "width": 1463.947998046875,
    "height": 674
  },
  "panelPositions": {
    "sources-panel": {
      "left": 0,
      "top": 0,
      "width": 342,
      "height": 652
    },
    "chat-panel": {
      "left": 352,
      "top": 0,
      "width": 1088,
      "height": 652
    },
    "studio-panel": {
      "left": 1180,
      "top": 40,
      "width": 460,
      "height": 900
    }
  },
  "panelTitles": {
    "sources-panel": "来源",
    "chat-panel": "对话",
    "studio-panel": "Studio"
  },
  "panelVisibility": {
    "sources-panel": true,
    "chat-panel": true,
    "studio-panel": false
  },
  "headerTitles": {
    "title": {
      "text": "多文档处理工作台",
      "style": {
        "fontSize": 28,
        "fontWeight": 400,
        "color": "#202124",
        "textAlign": "left",
        "backgroundColor": "transparent",
        "borderColor": "#e2e8f0",
        "borderWidth": 1,
        "borderRadius": 6
      },
      "position": {
        "left": -1,
        "top": 3
      },
      "width": 300,
      "height": 40
    },
    "eyebrow": {
      "text": "Multi-Doc Studio",
      "style": {
        "fontSize": 18,
        "letterSpacing": "1px",
        "color": "#5f6368",
        "textTransform": "uppercase",
        "textAlign": "left",
        "backgroundColor": "transparent",
        "fontWeight": 500,
        "borderColor": "#e2e8f0",
        "borderWidth": 1,
        "borderRadius": 6
      },
      "position": {
        "left": 12,
        "top": -5
      },
      "width": 200,
      "height": 30
    }
  }
}