[
  {
    "id": "b16c28c9-2d2b-46da-a895-e251b3b80df7",
    "name": "10月13日全天综合材料（警分报）-指挥部警情联动团队.txt",
    "content": "一、黄牛警情数据\r\nXX月XX日未接报“黄牛”警情。\r\n二、勤务要素“情”方面\r\n全局共派三级以上警情XXX件，环比上升XX.X%，占派警总量X%。\r\n（一）全市警情整体态势\r\nX.警情总量情况\r\nXX月XX日，全局共接报警情XXXXX件，环比下降X.X%，同比上升X.X%（对比去年XX月份均值XXXXX件上升X.X%）。其中派警类XXXXX件（占总量XX.X%），环比下降X.X%，同比上升XX.X%（对比去年XX月份均值XXXXX件上升XX.X%）；非派警类XXXX件（占总量XX.X%），环比下降X.X%，同比下降XX.X%。\r\n全局共派三级以上警情XXX件，环比（XXX件）上升XX.X%，占派警总量X%（三级警情XXX件，无一级、二级警情）。\r\nX.刑事治安警情\r\n经与执法办案平台校准，XX月XX日刑事治安警情共计XXX件，环比上升X.X%，同比下降XX.X%（比去年XX月份均值XXXX件下降XX%）。其中自主打击类自接警XXX件（占比XX.X%）。\r\n剔除自主打击类自接警后，刑事治安警情共计XXX件，环比上升X.X%，同比下降XX.X%（对比去年XX月份均值XXXX件下降XX.X%）；其中刑事警情XXX件，环比多XX件（同比下降XX.X%）；治安警情XXX件，环比持平（同比下降XX.X%）。从重点关注类别看，其中电信网络诈骗和盗窃警情环比有所上升，其他各类别警情接报平稳。 \r\n一是盗窃警情共接报XXX件，环比多XX件（同比下降XX.X%）。从地区看，接报较多的是朝阳XX件（主要是金盏X件，高碑店、双井和小红门各X件，无高发点位），大兴XX件（主要是北臧村、博兴路和庞各庄各X件，无高发点位），丰台XX件（主要是科技园区X件，樊家村X件，无高发点位）。从高发部位看，主要为居民小区XX件，商业场所XX件，共接报XX件、占总量的XX.X%。从高发时段看，相对突出的是X时至X时，XX时至XX时，XX时至XX时，共接报XX件、占总量的XX%。从高发类别看，主要涉及盗窃非机动车（含电瓶）XX件，环比多X件，相对高发地区为大兴和昌平各X件（均无高发派出所）；盗窃快递外卖XX件，环比持平，相对高发地区为丰台X件，朝阳、通州和密云各X件（均无高发派出所）。\r\n二是电信网络诈骗警情共接报XXX件，环比多XX件（同比下降XX%）。高发单位涉及朝阳XX件（主要是金盏X件，安贞里、南磨房、三间房、三里屯和亚运村各X件），昌平XX件（主要是平西府X件，沙河X件），海淀XX件（主要是东升X件，大钟寺和苏家坨各X件）。从警情类型看，刷单返利类XX件、虚假购物服务类XX件和冒充电商物流客服类X件，三类接报较多，占电信网络诈骗警情总量的XX.X%。从损失总价值看，共计XXX万余元，未接报高损警情。\r\n上述高发情况均已点对点通报主责分局。另重点关注的殴打他人警情XX件，环比少X件；故意毁坏财物警情XX件，环比少X件。\r\nX.交通类警情\r\n（X）交通事故警情共接报XXXX件，环比上升XX.X%。高发时段集中在X时至X时、XX时至XX时；高发部位集中在城市主干道和地铁站周边；高发地区是朝阳XXX件（突出点段涉及五元桥、慈云寺桥和大郊亭桥周边；大望路地铁站周边；东三环亮马桥至团结湖路段），海淀XXX件（突出点段涉及农大南路地铁站、五棵松地铁站和蓟门桥地铁站周边；万泉河桥、定慧桥和紫竹桥周边），丰台XXX件（突出点段涉及丰北桥和六里桥周边；京开五金批发市场周边；北京西站周边）。\r\n（X）交通拥堵警情共接报XXX件，环比上升XX.X%。高发时段集中在X时至XX时，XX时至XX时，XX时至XX时；高发部位集中在城市主干道和地铁站周边；高发地区是朝阳XXX件（突出点段涉及双桥地铁站和光熙门周边；东三环国贸至双井路段），东城XXX件（突出点段涉及东便门桥周边；东二环东四十条至建国门路段）。\r\n（二）三级以上警情调度情况\r\n全局共派三级以上警情XXX件，环比（XXX件）上升XX.X%，占派警总量X%（三级警情XXX件，无一级、二级警情）。\r\n三级警情XXX件，具体类别如下：\r\nX.初步认定扬言警情共计XXX件，涉及XXX人。其中XXXXX接报XXX件，XXX接报X件。\r\nX.紧急求助警情XXX件（可能危及人身安全的相关警情，主要涉及失踪失联XXX件，伤病救治XX件，交通事故伤人XX件，自杀倾向XX件，街头倒地XX件）。\r\nX.矛盾纠纷警情XXX件（初步判断现场可能有危及人身或财产安全的纠纷警情，主要是家庭情感纠纷引发XX件，经济纠纷引发XX件，劳资纠纷引发XX件，消费纠纷引发XX件，邻里纠纷引发X件）。\r\nX.刑事治安警情XX件（报警反映正在实施的违法犯罪警情，主要涉及扰乱公共场所秩序和威胁人身安全各X件）。\r\n（三）重点关注警情情况\r\nX.矛盾纠纷警情\r\nXX月XX日共接报矛盾纠纷类警情XXXX件，环比下降X.X%。重点关注的拆迁拆违纠纷环比有所上升，其他各类别警情均接报平稳，具体情况如下：\r\n拆迁拆违纠纷警情接报XX件，环比多XX件。从地区看，接报较多的是通州XX件（主要是宋庄XX件，高发点位涉及邢各庄村），丰台XX件（主要是南苑镇X件，高发点位涉及西宏苑小区）。\r\n从重复报警人员情况看，共涉及XX人，涉及拨打X次X人，拨打X次X人。拨打X次X人；从重复报警人员地区看，涉及通州X人，丰台X人，西城、石景山、昌平和平谷各X人；上述重复报警人员未涉及警示标签人员。\r\nX.低慢小、空飘物警情\r\nXX月XX日接报低慢小、空飘物警情X件，环比多X件，从警情来源看，均为无人机反制中心报警；从地区看，为东城（内蒙古大厦附近）、天安门（中山公园音乐堂附近）、西城（天桥艺术大厦附近）、海淀（马甸月季园小区附近）和房山（良坨北路附近）各X件；从类别情况看，均为无人机；从处置结果看，已查获X件，正在工作中X件。\r\n（四）个人扬言警情情况\r\n警情联动：XX月XX日共接报涉及扬言类警情XXX件，去重后共涉及XXX人（本市XXX人、外省市XX人）。从警情来源看，其中XXXXX通报XXX件，报警服务台接报X件。其中扬言人在京XXX件，涉及XXX人，已见面稳控的XXX人（均已纳入基管平台），见面稳控率XX.X%，未稳控XX人（朝阳X人，顺义X人，大兴、东城、丰台、海淀、西城各X人）。其中扬言人在外省XX件，涉及XX人，通过区域流转协调当地开展稳控工作。\r\n（五）重复警情情况\r\nXX月XX日共接报重复警情XXX件，去重后涉及XXX人（本市XXX人、外省市XX人），占全市警情总量的X.X%（较昨日下降X个百分点）。上述警情均第一时间通报属地处置核实并初排风险，已流转基础管控平台纳入日常管控。\r\n从类别情况看，本市人员涉及诉求类别较多的是经济纠纷XX人，家庭情感纠纷XX人，劳资纠纷XX人，消费纠纷XX人，扰民纠纷XX人，邻里纠纷X人；另有咨询求助XXX人，滋扰XX人（精神异常人员XX名，醉酒人员XX名）。\r\n从研判分析结果看，结合核录警示信息、诉求和报警次数，梳理出本市突出重复报警人员X名，从地区看，涉及东城（龙潭）和朝阳（奥林匹克公园）各X件；从类别看，分别是反映邻里纠纷和消费纠纷各X人。上述人员已通报治安、人口和属地分局，并加强矛盾纠纷排查化解、人员风险评估和管控等工作。\r\n具体情况如下：\r\nX.左耘（当日报警XX次，近一周报警XX次，女，XX岁，北京朝阳区人，身份证：XXXXXXXXXXXXXXXXXX，报警电话：XXXXXXXXXXX，标签信息：中心区一般关注）多次报警反映在东城区左安浦园X楼X单元XXXX号，其邻居装修的时导致自己家中墙体有裂缝，双方因赔偿问题发生纠纷。民警告知其双方协商解决，协商不成到法院诉讼。\r\nX.匿名男子（当日报警XX次，近一周报警XX次，男，报警电话：XXXXXXXXXXX，无标签信息）多次报警反映自己被朝阳区亚洲金融大厦的腾讯云诈骗。经核实，报警人在腾讯云APP上购买人脸识别服务一万次，使用四百次后想将剩余次数退掉，但是被公司拒绝，属消费纠纷。民警已告知报警人可到派出所带其去公司协商，并且其需合理合法反映诉求，不要做出过激行为。\r\n五、刑事治安警情高发派出所调度情况\r\nXX月XX日刑事治安警情接报较多的派出所是昌平平西府、通州九棵树、朝阳金盏和昌平沙河，具体情况如下：\r\nX.昌平平西府XX件，环比多XX件，接报较多的类别是诈骗X件。\r\nX.通州九棵树X件，环比多X件，接报较多的类别是盗窃X件。\r\nX.朝阳金盏X件，环比多X件，接报较多的类别是诈骗和盗窃各X件。\r\nX.昌平沙河X件，环比多X件，接报较多的类别是诈骗X件。\r\n"
  },
  {
    "id": "c886d4a2-e40b-48a7-a266-24eb210ac090",
    "name": "10月14日网安总队晨会要报3-网安总队（输入）.txt",
    "content": "内部     网络安全保卫总队（情报信息中心）    副总队长 杨立华\n\n\n每日晨会要报\n\n第XXX期\n\n北京市公安局网络安全保卫总队（情报信息中心）编     XXXX年XX月XX日\n\n【敏感活动情况】.............................................................................X\n【高校领域突出动向】....................................................................X\n【涉访突出动向】......….................……….....…..........................X【涉访群体监测情况】...................................................................X【互联网舆情情况】......................................................................X\n\n\n\n\n\n\n\n【敏感活动情况】\n本时段，无新增相关突出线索。\n\n【高校领域突出动向】\n本时段，无新增相关突出线索。\n\n【涉访突出动向】\n截至目前，掌握指向XX月XX日（周二）的涉稳线索XXX条，关联XX个群体，涉及XXX人（本市X人，外省市XXX人），已教育稳控XXX人，其余XX人正在工作中（均为外省市人员）。突出动向为：\n（一）X个重点群体动向需高度关注\n一是XX名哈尔滨市拓洲人力资源有限公司北京分公司签约出国务工人员因不满中介费未被追回，煽动到国家信访局、朝阳区东大桥尚都国际、市商务局维权。\n二是XX名多省市退休教师因不满退休待遇，煽动到国家信访局、教育部维权（均为外省市人员，均已教育稳控）。\n三是XX名多省市涉法涉诉群体因不服判决，煽动到中纪委、国家信访局、最高法、最高检、国家监委、全国人大维权（均为外省市人员，均已教育稳控）。\n（二）X个群体动向需加强关注\n一是X名四川广安云湖华庭业主因延期交房问题，煽动到国务院维权。二是X名广东茂名信宜大成镇下湾村村民因不满当地干部违法乱纪问题，煽动到中纪委、国家信访局维权。三是X名天津云尚嘉苑小区业主因物业纠纷问题，煽动到中纪委维权。四是X名平谷区放光村村民煽动到王辛庄镇政府维权。上述群体共涉及XX人，均已教育稳控。\n上述涉及外省市人员线索，已按照“三渠道”“三落地”机制要求，上报公安部、通报区域办和驻京工作组部署属地进一步加强源头稳控工作；涉及在京人员线索，已通报指挥部、治安总队和属地分局等单位开展落地稳控。\n\n【涉访群体监测情况】\n经对退役涉访、涉众型经济群体、政策及其他群体开展监测预警工作，本时段暂未发现明显异常情况。\n\n【互联网舆情情况】\n（一）北京突出舆情\nX.媒体报道XX月XX日前后我市红叶即将进入最佳观赏期。《北京日报》XX月XX日报道，本周天气“先晴后凉有起伏”，XX日之后又会迎来新一轮降雨，XX日小雨转阴，气温也会跟着降到XX℃上下。随着气温的下降，北京即将迎来一年一度的红叶最佳观赏期。根据往年规律，XX日前后进入红叶盛红期的关键节点。坡峰岭、喇叭沟门、舞彩浅山都是赏红叶不错的选择。截至目前，《新浪》《搜狐》等X家媒体网站转载。\nX.央媒报道故宫针对游客反映百年展排队游览体验不佳一事进行回应：后续进行优化调整。《中国新闻周刊》XX月XX日报道，近日，有游客反映，参观故宫百年展排队长达X小时，游览体验不佳。有游客发文称，为了参观《清明上河图》排队至深夜XX点，展区动线设置不够合理，且存在插队现象，XX月XX日晚工作人员给排队游客发放热水取暖。对此，XX月XX日中国新闻周刊从故宫工作人员处了解到，故宫方面已经关注到相关情况，以往故宫博物院下午X点结束游览，本次百年大展期间，闭馆时间将以现场实际情况为准，“已经约上门票的观众，没有不让排队的道理”。针对网友反映的相关问题，故宫工作人员表示将进行反馈，后续再看如何进行优化调整。截至目前，《新黄河》《新浪》等X家媒体网站转载，网民评论XX条，部分网民认为此次故宫百年展排队时间过长，体验不佳。\nX.XXXX怀柔徒步大会将于XX月XX日在环雁栖湖路举行  雁栖湖路全路段将实施临时交通管制。北京怀柔区融媒体中心官方微信公众号“北京怀柔”XX月XX日发布消息，XXXX（第九届）北京怀柔徒步大会将于XXXX年XX月XX日（星期六）上午X:XX至XX:XX在环雁栖湖路举行，届时雁栖湖路全路段将实施临时交通管制，禁止所有机动车、非机动车通行。请通行雁栖湖路的车辆提前选择范崎路、京加路等道路绕行，并服从现场指挥。截至目前，《北京日报》《千龙网》等X家媒体网站转载。\nX.XXXX环门头沟国际公路自行车赛官方通报：西班牙选手发表不当言论  取消本次赛事参赛资格及所获成绩。XX月XX日，网传环门头沟公路自行车赛一名西班牙籍运动员涉嫌辱华。对此，门头沟区体育局官方微信公众号XX月XX日发布消息，XXXX环门头沟国际公路自行车赛赛事组委会发布公告称：近日，西班牙布尔戈斯车队选手APARICIO MARIO在赛事结束后，通过个人社交媒体平台发表不当言论，其内容违背体育精神，损害赛事形象，造成严重不良影响。经核实，该选手的行为已违反赛事章程及体育道德规范，基于以上事实，根据赛事相关规定及纪律准则，组委会经研究决定，取消该选手本次赛事参赛资格及所获成绩。截至目前，《人民日报》《极目新闻》等XX家媒体网站转载，网民评论XX条。网民支持赛会对该车手进行处罚，如称“干得漂亮”“给组委会点赞”。\nX.媒体报道朝阳区东坝保利天汇项目业主质疑开发商“减配降质”。北京新闻广播热线“问北京”XX月XX日报道，近日，多位朝阳区东坝地区保利天汇项目的业主反映，项目出现多处“货不对板”的情况，实际建成品质与销售阶段的效果图存在差距，质疑开发商“减配降质”。具体包括大门与宣传材料中展示效果不同、入户大堂门的进深很短、绿化问题突出、户型功能与宣传不一致等。此前，有报道称朝阳区房管局曾在XXXX年就这一楼盘“宣传材料与规划许可内容不一致”问题作出答复称，如果宣传材料与规划许可存在不一致，只能要求开发商整改宣传内容，对于业主可能遭受的权益损害，建议通过诉讼维权。截至目前，暂无其他媒体网站转载，网民评论X条，网民表示报道中提到的情况确实存在。\n（二）国内热点舆情\nX.外交部回应“巴基斯坦利用中国技术向美国赠送稀土”：捕风捉影、挑拨离间。《北京日报》XX月XX日报道，外交部例行记者上会有记者提问，有报道称巴基斯坦利用中国设备和技术向美国出口稀土，触发了中国出台严格管控稀土相关技术出口的新规。对此，外交部发言人表示，关于巴美矿产合作的事宜，中巴双方有沟通，巴方领导人向美方领导人展示和赠送的矿石，是工作人员购买的巴宝石的原矿样品。相关报道，或是不了解实情，或是捕风捉影，甚至是挑拨离间，是缺乏根据的。中方日前发布的关于稀土等相关物项的出口管制措施，与巴基斯坦没有任何关联，这是中国政府依据法律法规完善自身出口管制体系的正当做法，旨在更好地维护世界和平与地区稳定，履行防扩散等国际义务。截至目前，《央视新闻》《环球网》等XX家媒体网站转载。\nX.媒体报道国内多所高校严控校园车速，违规或被禁止入校。上海《澎湃新闻》XX月XX日报道，近日，国内多所高校发布校园交通安全提醒（暂不涉及我市高校），明确校园内机动车的具体限速，并将严惩违规行为，多次违规者可能会被禁止入校。如，同济大学XX月XX日发布《校园交通安全提示》称，规定校内主干道限速XX公里/小时，机非混行道路限速XX公里/小时，三次违规车辆一年内禁入校。此外，广州体育学院、华南农业大学、大连理工大学、珠海科技学院、华南理工大学等高校均发布了校园交通安全相关提醒，将校园内限速控制在XX公里/小时以内。据悉，X月XX日晚，华南理工大学内曾发生一起车祸，造成一名学生死亡，一名学生受伤，肇事司机系该校教师，引起外界对校园行车安全的关注。\nX.媒体报道美团在多城市试点外卖骑手“拉黑”屏蔽顾客功能。上海报业集团旗下《界面新闻》XX月XX日报道，近日，有外卖骑手在社交平台上发帖称，美团在福建晋江、浙江绍兴等七个城市（未提及北京）试点上线骑手评价用户和骑手屏蔽用户功能，赋予骑手屏蔽用户的权限。在该功能下，订单结束后的XX小时内，骑手可在订单页对用户进行匿名评价。若遇到顾客辱骂、恐吓威胁等场景，骑手可在评价页面勾选 “不再为该顾客送餐” 快捷屏蔽用户。XX月XX日，记者从美团客服处获悉，上述功能为最近新增，设置屏蔽后，XXX天之内骑手不会接到该用户的订单。这一功能目前已在多个城市开放，后续会进一步推广，但具体时间尚未确定。截至目前，《新民晚报》《北京商报》等XX家媒体网站转载，网民评论X万余条。多数网民认为美团试点此功能可有效保障外卖员权益，对此表示支持。\nX.成都警方通报“小米SUX碰撞后爆燃”：当事人涉嫌酒驾。综合湖南《三湘都市报》等媒体报道，XX日凌晨，四川成都天府大道发生一起涉及小米SUX的严重交通事故，一辆小米SUX超速失控，先与绿化带发生碰撞，随后翻滚至对向车道并起火。多名路人主动参与救援，但因车门无法打开且火势迅猛，救援失败。消防人员到场控制火情后驾驶员已不幸遇难。对此，成都交警XX日下午发布警情通报：XX月XX日凌晨X时XX分许，我市天府大道南段发生一起道路交通事故。经初步调查，当事人邓某某(男，XX岁)驾驶小型轿车，沿天府大道由北向南行驶。车辆在通过天府五街路口进入天府大道南段后，与前方同向由李某驾驶的小型轿车发生碰撞，随后越过道路中央绿化带，起火燃烧。事故造成驾驶人邓某某死亡，涉事两车不同程度受损。经检测，邓某某涉嫌酒后驾驶机动车。目前，事故正在进一步调查中。截至目前，《澎湃新闻》《红星新闻》等XX家媒体网站转载，#成都警方通报一车辆失控后起火#等话题位于热搜榜前列，累计阅读量XXXX余万次，网民评论X.X万余条，多数网民认为此次事故系驾驶员醉驾导致，而“小米”汽车品牌无辜躺枪；部分网民关注事故中车辆无法打开门的原因。\nX.重庆警方通报一女子因离婚纠纷持刀行凶致X人死亡。近日，网传XX日重庆九龙坡区马王三村菜市场附近发生一女子持刀行凶致X人死亡事件。对此，XX月XX日，重庆市公安局九龙坡区分局发布警情通报：XX月XX日XX时许，九龙坡区马王三村农贸市场发生一起刑事案件，一女子持刀行凶致人死亡。民警接报警后迅速赶到现场，将犯罪嫌疑人唐某(XX岁)抓获。经初步调查，唐某因与其丈夫申某(XX岁)离婚纠纷，迁怒申某亲人。案发当日，唐与申某外甥女杨某(XX岁)发生争执后将其杀害。目前，犯罪嫌疑人唐某已被依法刑事拘留，案件正进一步侦办中。截至目前，《中新网》《潇湘晨报》等XX家媒体网站转载，网民评论XXXX余条，多数网民认为凶手行为过于极端，呼吁理智面对感情问题。\nX.广东江门恩平通报一车辆在夜市连撞多车后冲入商铺：司机涉嫌醉驾  已刑拘。工作发现，XX月XX日晚，网传广东江门恩平市夜市发生一起交通事故，一辆黑色小车连续撞击多车，最后撞停在一家商铺。对此，恩平市公安局XX月XX日晚发布警情通报称，XX月XX日XX时XX分，一辆小汽车在恩平市君堂镇翠堤路刮碰多辆车后，撞到马路尽头一家店铺后停下，未造成人员受伤。公安机关接报后，迅速派员到场处置，控制肇事司机岑某(男，XX岁)。经查，岑某涉嫌醉酒驾驶机动车，已被公安机关依法刑事拘留，案件正在进一步侦办中。截至目前，《荔枝新闻》《今日关注》等X家媒体网站转载，网民评论XXX余条，对此表示关注。\n（三）国际热点舆情\nX.美国南卡罗来纳州一酒吧发生枪击事件 至少X亡XX伤。《中国新闻网》XX月XX日报道，当地时间XX月XX日凌晨，美国南卡罗来纳州一家酒吧发生枪击事件，造成至少X人遇难、XX人受伤。目前，案件仍在调查中，警方尚未公布相关嫌疑人信息。截至目前，《人民网》《新华网》等XX家媒体网站转载。\nX.南非长途客车坠崖致至少XX人遇难。《央视新闻客户端》XX月XX日报道，当地时间XX月XX日，一辆从南非南部城市格克贝哈（Gqeberha）开往津巴布韦的长途客车在林波波省发生严重交通事故，造成至少XX人死亡，另有数十人受伤。遇难者中包括马拉维和津巴布韦籍乘客。截至目前，《环球网》《新京报》等XX家媒体网站转载。\n\n\n\n\n\n\n\n\n\n\n\n\n\n\n\n\n局领导。"
  },
  {
    "id": "1fb0b551-9209-4855-9690-893927c8fbaa",
    "name": "20251013全局调度工作情况-指挥部首都安全防控团队(巡工处).txt",
    "content": "\r\nXXXXXXXX全局调度工作情况\r\n\r\n一、政治中心区防控督导检查情况\r\nXX月XX日，按照市局领导指示和指挥部领导要求，结合政治中心区一体化防控工作安排，首都安全防控团队持续强化对政治中心区一体化防控岗位的督导检查。期间，督导组共实地检查“三道防线”以及“最小作战单元”岗位共XX个；电台督导东城分局、西城分局检查组各X次；视频检查一体化防控岗位XXX岗次。检查中，大部分岗位执勤警力坚持在岗在位，警容警姿严整，装备配备齐全，熟知岗位职责，履职状态良好。\r\n二、社会面调度情况\r\nXX月XX日，社会面启动日常级巡逻防控勤务，投入社会面巡逻力量XXXX组，XXXXX人（民警XXXX人、特警XXX人、交警XXX人、武警XXXX人、辅警XXXX人），部署巡逻车组XXXX组（特警XX组、武警XX组、快反处突车组XXX组、XX车组XXX组、XX车组XXX组、社区巡逻车XXX组）、巡逻警务站XXX个及视频巡控平台XXX个。\r\n（一）岗位检查\r\nXX月XX日，先后对东城、西城、朝阳、海淀、丰台、石景山、通州、顺义、密云分局等单位社会面巡逻防控力量进行点调，累计抽点一线巡逻岗位XX个，其中派出所巡逻车XX个、快反处突车XX个、巡逻警务站XX个、公安武警联勤处突岗X个。从点调情况看，大部分定点盘查岗和快反处突车组、巡逻警务站岗位均能做到应答及时，工作状态良好，发现问题X件，均为派出所停留预警（海淀田村派出所海XXXX、上庄派出所海XXXX）。\r\n（二）二、三级巡逻防控模块督导\r\n为贯彻落实市局领导关于加强巡逻防控模块二、三级平台值守应用的指示精神，前XX小时指挥部就社会面巡逻防控勤务工作，督促分局二级平台开展督导检查共XXX次，发现整改问题共XX个；分局督促派出所三级平台开展检查共XXX次，发现整改问题XX个。\r\n三、外围防线情况\r\n（一）检查站进京车辆、人员\r\nXXXX年全年，全市公安检查站平均每日进京通行车辆XX.X万辆。XXXX年XX月份，全市公安检查站平均每日进京通行车辆XX.X万辆。\r\n一周以来（XX月X日至XX月XX日），全市公安检查站进京通行车辆XXX.X万辆，同比上升XX.X%，环比上周（X月XX日至XX月X日）下降X.X%。\r\nXX月XX日，全市公安检查站进京通行车辆XX.X万辆（其中，京牌车XX.X万辆，占比XX%；外省车XX.X万辆，占XX%。外省车辆中省份最多的为：冀牌XX.X万辆），同比上升X.X%，环比上升X.X%。核录人员XX.X万人（其中，京籍X.X万人，占比XX%，外省市人员XX.X万人，占XX%。外省市人员中省份最多的为：河北籍XX.X万人），同比上升XX.X%，环比昨日上升X.X%。\r\n\r\n检查站近一周通行车辆统计表\r\n日期\t通行车辆总数\t京牌车数\t占比\t外省市车数\r\n\t\t\t\t第一及占比\t第二及占比\t第三及占比\r\n\t\t\t\t车籍\t车辆数\t占比\t车籍\t车辆数\t占比\t车籍\t车辆数\t占比\r\nXX月X日\tXXXXXX\tXXXXXX\tXX%\t冀\tXXXXXX\tXX%\t津\tXXXXX\tX%\t鲁\tXXXXX\tX%\r\nXX月X日\tXXXXXX\tXXXXXX\tXX%\t冀\tXXXXXX\tXX%\t津\tXXXXX\tX%\t鲁\tXXXXX\tX%\r\nXX月X日\tXXXXXX\tXXXXXX\tXX%\t冀\tXXXXXX\tXX%\t津\tXXXXX\tX%\t鲁\tXXXXX\tX%\r\nXX月X日\tXXXXXX\tXXXXXX\tXX%\t冀\tXXXXXX\tXX%\t津\tXXXXX\tX%\t鲁\tXXXXX\tX%\r\nXX月XX日\tXXXXXX\tXXXXXX\tXX%\t冀\tXXXXXX\tXX%\t津\tXXXXX\tX%\t鲁\tXXXX\tX%\r\nXX月XX日\tXXXXXX\tXXXXXX\tXX%\t冀\tXXXXXX\tXX%\t津\tXXXXX\tX%\t鲁\tXXXXX\tX%\r\nXX月XX日\tXXXXXX\tXXXXXX\tXX%\t冀\tXXXXXX\tXX%\t津\tXXXXX\tX%\t鲁\tXXXXX\tX%\r\nXX月XX日\tXXXXXX\tXXXXXX\tXX%\t冀\tXXXXXX\tXX%\t津\tXXXXX\tX%\t鲁\tXXXXX\tX%\r\n\r\n检查站近一周核查人员统计表\r\n日期\t被核查人总数\t京籍人员数\t占比\t外省市人数\r\n\t\t\t\t第一及占比\t第二及占比\t第三及占比\r\n\t\t\t\t户籍\t核查人数\t占比\t户籍\t核查人数\t占比\t户籍\t核查人数\t占比\r\nXX月X日\tXXXXXX\tXXXXX\tXX%\t河北\tXXXXXX\tXX%\t河南\tXXXXX\tX%\t天津\tXXXXX\tX%\r\nXX月X日\tXXXXXX\tXXXXX\tXX%\t河北\tXXXXXX\tXX%\t河南\tXXXXX\tX%\t天津\tXXXXX\tX%\r\nXX月X日\tXXXXXX\tXXXXX\tX%\t河北\tXXXXXX\tXX%\t河南\tXXXXX\tX%\t山东\tXXXXX\tX%\r\nXX月X日\tXXXXXX\tXXXXX\tXX%\t河北\tXXXXXX\tXX%\t河南\tXXXXX\tX%\t山东\tXXXXX\tX%\r\nXX月XX日\tXXXXXX\tXXXXX\tXX%\t河北\tXXXXXX\tXX%\t河南\tXXXXX\tX%\t山东\tXXXXX\tX%\r\nXX月XX日\tXXXXXX\tXXXXX\tXX%\t河北\tXXXXXX\tXX%\t河南\tXXXXX\tX%\t山东\tXXXXX\tX%\r\nXX月XX日\tXXXXXX\tXXXXX\tXX%\t河北\tXXXXXX\tXX%\t河南\tXXXXX\tX%\t黑龙江\tXXXXX\tX%\r\nXX月XX日\tXXXXXX\tXXXXX\tXX%\t河北\tXXXXXX\tXX%\t河南\tXXXXX\tX%\t山东\tXXXXX\tX%\r\n\r\n（二）外围防线督导检查\r\nXX月XX日，通过视频巡检的方式对全市公安检查站及乡村道路卡口进行检查。累计巡检公安检查站64次，乡村道路卡口XXX个、XXX次。从巡检情况看，大部分公安检查站及乡村道路卡口均能做到专人值守、履职尽责，发现问题X件：\r\nX、XX时XX分至XX时XX分，房山分局长沟派出所簋街卡口，执勤人员未对进京人员逐一核录，经提示后整改；\r\nX、XX时XX分至XX时XX分，通州分局永乐店派出所三垡村东卡口无人值守，经提示后整改；\r\nX、XX时XX分至XX时XX分，通州分局西集派出所杨家洼大闸卡口，执勤人员未对进京人员逐一核录，经提示后整改。\r\n四、视频巡控情况\r\nXX月XX日，牵动各二三级平台加强对政治中心区、广场各安检棚、使馆区、高校区、大人流点位、重点桥区、繁华商圈。加强对广场各安检棚排队情况、天安门周边夜间骑行人流情况视频巡控；加强对北京会议中心周边巡控；同时对一类桥区值守力量、三级平台的在岗履职情况及乡村卡口检查情况进行视频巡检，具体情况如下：\r\n一是对一类桥区值守力量进行巡检，可见大部分岗位执勤警辅力量在岗在位，认真履职，发现问题X件：\r\nX、X时XX分，海淀区中关村派出所中关村二小西门天桥看桥保安睡岗；\r\nX、XX时XX分，朝阳区高碑店派出所京通路四惠东天桥看桥保安玩手机。\r\n二是视频督导岗通过视频检查方式，对全市17个分局347个二、三级平台进行视频检查，共检查847岗次，发现问题X件：\r\nX、XX时XX分至XX时XX分，东城分局前门大街派出所三级平台出现XX分钟以上视频巡控岗位玩手机情况。\r\n三是对桥区、重点医院、开放公园、学校、商圈等点位进行视频拉动，未发现问题。\r\n四是对鼓楼、荷花市场、后海、天坛、故宫北门、宋庆龄故居、颐和园、规划展览馆门前、前门东工行银行门前、西河沿西口、升旗宾馆门前、老舍茶馆、景山公园、煤市街北口、北京饭店、恭王府、八达岭、大会堂西路、南河沿大街等点位的呲活揽客、无照游商、违停落客等情况进行视频巡控，未发现问题。\r\n五、前一日问题整改情况\r\n（一）社会面巡控问题整改情况\r\nXX月XX日通报社会面巡控问题X件，涉及东城分局：\r\n东城分局针对朝阳门派出所巡逻车东XXXX、东四派出所巡逻车东XXXX在所内长期停留的问题进行核实。经查，东XXXX民警任啸林将警务手机放在所内充电，后参加路线勤务未携带警务手机也未打下岗卡，导致出现长期所内停留；东XXXX民警赵小军巡逻时未携带警务手机，放在所内继续充电，造成在所内长期停留。针对上述情况，分局采取以下措施：一是强化思想引领，坚持最高站位；二是强化督促指导，坚持最严措施；三是强化督导检查，落实勤务工作。\r\n（二）外围防线问题整改情况\r\nXX月XX日共通报外围防线问题X件，均涉通州、密云、房山分局：\r\n通州分局针对西集派出所牛牧屯村北口、觅子店派出所梁家务北口执勤人员未对进京非机动车进行检查的问题进行核实。经查，牛牧屯村北口执勤人员未核验的进京非机动车为牛牧屯村的村民，故值守人员未对该村民进行检查；梁家务北口驾驶非机动车人员为梁家务本村村民，经常在梁家务卡口通行，故值守人员未进行人证比对。针对以上问题，分局采取以下措施：一是强化督导检查，确保执勤人员在岗在位、认真履职；二是加强岗位培训，进一步强化群防群治力量的工作能力和纪律意识；三是加强督促指导，确保执勤力量严格落实值守要求。\r\n密云分局针对古北口所古御道卡口执勤人员未对非机动车进行检查的问题进行核实。经查，驾驶非机动车人员为古北口村民，每日多次通过古御道北口执勤点，遂值班民警杨森林及保安员邢桂军未对村民及车辆进行检查。针对上述问题，分局采取以下措施：一是召开全所民警会议，加强对民警教育；二是组织小路口全体执勤民警、保安员学习相关文件及规定，提高业务素质水平及安全防护知识的储备；三是当日执勤民警在全所民警会上作出说明，保安员在全所警辅人员会议上作出说明，确保以后按要求开展外围防线核查工作。\r\n房山分局针对琉璃河派出所官庄卡口执勤人员未对进京非机动车进行检查的问题进行核实。经查通过卡口人员系官庄村民，该人身体半身不遂行动不便，执勤人员未让该人下车检查。针对上述问题，分局采取以下措施：一是持续强化统筹牵动，确保力量到位；二是持续强化督导检查，确保履职到位；三是动态调整巡控力量，确保盯控到位。"
  },
  {
    "id": "40e52a1e-31ce-4b97-b567-1309c9ac4302",
    "name": "20251013首都安全防控团队每日工作情况1-指挥部首都安全防控团队(中心区).txt",
    "content": "XX月XX日政治中心区每日工作情况\r\n\r\n（一）政治中心区防控工作情况\r\n前XX小时，政治中心区启动加强防控勤务，同一时间投入XXX岗XXXX人。依托政治中心区一体化管控平台，对以XX个网格为主的各岗位和最小作战单元运行机制进行全面监测调度督导。期间，开展预警调度指挥68次，对一线带班领导电台调度89次，视频巡检373次，实地检查岗位29个。\r\n【整体查控情况】\r\n人员：一体化防控岗位共盘查核录XXXXXX人，查获各类重点人员XXX人，其中涉访人员XXX人（同比去年十月份日均XXX人上升XX.X%，环比前日XXX人上升XXX%，另XXXX年全年日均XXX人）；精神异常人员X人、违法犯罪前科等其他重点人员X人。从查获单位看，西城分局XXX人（含涉访人员XXX人）、东城分局XX人（含涉访人员XX人）、天安门分局XX人（含涉访人员XX人）、公交总队XX人（含涉访人员XX人）。\r\n车辆：共检查车辆XXXX辆（较XXXX年XX月XX日XXXX辆下降XX.X%），查处交通违法行为XXXX起，其中，二环路内各岗位（除朝巡XXX、海巡XXX、丰巡XXX、西巡XXX岗位外）岗前接收外埠车预警XXX辆，拦截检查XXX辆（含预警拦截XXX辆。同比去年全年日均XXX辆下降X.X%，比前日XXX辆下降X%，另XXXX年十月份日均XXX辆），拦截率为XX.X%。（针对未成功拦截的X辆外埠车，交管局均已纳入非现场处罚执法，经平台内对人、车进行核查，未发现异常情况。经轨迹监测，X辆车均已驶出二环。）\r\n前XX小时，二环路内各岗位（除朝巡XXX、海巡XXX、丰巡XXX、西巡XXX岗位外）岗前接收外埠车预警XXX辆，环比上周一（XXX辆）下降XX.X%。（近两周外埠车预警趋势见下图）\r\n\r\n前XX小时，二环路内各岗位（除朝巡XXX、海巡XXX、丰巡XXX、西巡XXX岗位外）拦截外埠车XXX辆，环比上周一（XXX辆）下降XX.X%。（近两周外埠车拦截趋势见下图）\r\n\r\n【查处涉访人员情况分析】\r\n前XX小时，一体化防控岗位共查处涉访人员XXX人，环比上周一（XX人）多XXX人。（近两周查处涉访人员趋势见下图）\r\n\r\n从查获单位看，西城分局XXX人、东城分局XX人、天安门分局XX人、公交总队XX人；从查获区域看，第一道防线XX人、第二道防线X人、第三道防线XX人，核心区XXX人（中南海周边XX人、天安门地区XX人、长安街东段XX人，移交工作组XX人、送久敬庄分流XX人）、公交XX人、地铁XX人；从查处点位看，查处较多的是看XX岗（国博北门天安门东公交车站）XX人、西XX岗（XX路公交府右街站北行）XX人、西XX岗（XX路公交力学胡同站北行）X人；从中南海、天安门地区涉访回流情况看，近X日内回流X人（移交当地工作组X人、送久敬庄分流X人）、近X日内回流XX人（送久敬庄分流XX人）。\r\n【核心区X个区域查处涉访人员具体分析】\r\nX、中南海周边\r\n前XX小时，中南海周边共查处涉访人员XX人，环比上周一（X人）多XX人。（近两周查获涉访人员趋势见下图）\r\n\r\n从查处点位看，查处较多的岗位为西XX岗（XX路公交府右街站北行）XX人、西XX岗（XX路公交力学胡同站北行）X人；从查处方式看，通过核录查处XX人、主动盘查查处X人；从查处人员户籍地看，查获较多的省份为黑龙江省X人；从人员定性看，明确表示要上访的XX人；从查处时的出行方式看，乘坐公交车的XX人、步行的X人；从来京方式看，火车进京XX人、飞机进京X人；从在京时长看，近X年内进京的X人、近X月内进京的XX人、近X周内进京的XX人、当日进京的X人；从欲前往目的地看，欲前往中南海地区上访的XX人；从在京落脚点看，无固定住所的XX人；从回流人员看，近X日内回流X人、近X日内回流X人；从处置结果看，移交当地工作组XX人、送久敬庄分流XX人。\r\nX、天安门地区\r\n前XX小时，天安门周边共查获涉访人员XX人，环比上周一（XX人）多XX人。（近两周查获涉访人员趋势见下图）\r\n\r\n从查获点位看，查获较多的岗位为看XX岗（国博北门天安门东公交车站）XX人；从查获方式看，通过核录查获XX人，主动盘查查获XX人；从查处人员户籍地看，查获较多的省份为广东省XX人；从人员定性看，明确表示要上访的XX人，明确表示来京旅游、看病、路过不是到地区上访的XX人；从查获时的交通出行方式看，乘坐公交车XX人、乘坐地铁的XX人、步行XX人、骑行非机动车的X人；从来京方式看，火车进京XX人、飞机XX人、长途客车X人、普通小客车X人；从在京时长看，长期在京的X人、近X年内进京的XX人、近X月内进京的X人、近X周内进京的X人、近X日内进京的XX人、当日进京的XX人；从欲前往目的地看，欲前往天安门地区的XX人、欲前往三办等信访部门信访的XX人、欲前往其他信访部门XX人；从在京落脚点看，居无定所的XX人、租住房屋的X人、宾馆酒店X人；从回流人员看，近X日内回流X人、近X日内回流XX人；从处置结果看，移交工作组X人、送久敬庄分流XX人。\r\nX、长安街东段（含正义路X号院）\r\n前XX小时，长安街东段（含正义路X号院）共查处涉访人员XX人，环比上周一（X人）多X人。（近两周查获涉访人员趋势见下图）\r\n\r\n从查处点位看，查处较多的岗位为东巡XXX岗（南池子南口门洞）X人；从查处方式看，通过核录查处XX人；从查处人员户籍地看，查获较多的省份为湖南省X人；从人员定性看，明确表示要上访的XX人；从查处时的出行方式看，步行的XX人；从来京方式看，火车进京的XX人、普通小客车进京的X人；从在京时长看，近X年内进京的X人、近X月内进京的X人、近X周内进京的X人、X日内进京的X人、当日进京的X人；从欲前往目的地看，欲前往其它地方上访的XX人；从在京落脚点看，无固定住所的XX人；从处置结果看，移交当地工作组XX人、送久敬庄分流X人。\r\nX、长安街西段\r\n前XX小时，长安街西段共查处涉访人员X人，环比上周一（X人）持平。（近两周查获涉访人员趋势见下图）\r\n\r\n【外埠车辆查控具体分析】\r\n二环路内一体化防控各岗位（除朝巡XXX、海巡XXX、丰巡XXX、西巡XXX岗位外）岗前接收外埠车预警XXX辆。其中，单岗拦截率前X名的岗位为：西巡XXX（长椿街与宣武门西大街交叉口东南角）XXX.X%（预警XX辆/拦截XX辆）、东巡XXX（广渠门内大街与幸福大街交叉口西北角）XXX.X%（预警XX辆/拦截XX辆）、西巡XXX（德胜门内大街与地安门西大街交叉口西南角）XXX.X%（预警XX辆/拦截XX辆）、西巡XXX（宣武门十字路口东南角）XXX.X%（预警XX辆/拦截XX辆）、西巡XXX（右安门内大街与南横西街交叉口东南角）XXX.X%（预警XX辆/拦截XX辆）；单岗拦截率后X名的岗位为：东巡XXX（东直门南小街与东四十条交叉口）XX.X%（预警X辆/拦截X辆）<备注：特种车辆X辆、拦截未停X辆>、东巡XXX（崇文门外大街与广渠门内大街交叉口东南角）XX.X%（预警XX辆/拦截X辆）<备注：特种车辆X辆、拦截未停X辆>、西巡XXX（西铁匠胡同西口）XX.X%（预警X辆/拦截X辆）<备注：拦截未停X辆>。\r\n【亲子单车整治情况】\r\n按照专项工作部署，治安总队，交管局，东城、西城、天安门分局持续开展亲子单车及违规清运行为清理打击整治工作。前XX小时交管局在政治中心区范围内对骑行亲子单车人员交通违章处罚XX次。各属地分局共在辖区内清理亲子单车X辆、配合城管部门收缴单X辆。\r\nX月XX日以来，交管局在政治中心区范围内管控劝绕亲子单车XX辆、处罚骑行亲子单车人员交通违章XXX次、处罚违规清运车辆XX辆；各属地分局在辖区内共清理亲子单车XXX辆、打击处理相关扰序人员XX人、配合城管部门收缴单车XXX辆。\r\n"
  },
  {
    "id": "8b2ba294-91c7-408e-a2de-6ced73452119",
    "name": "公交总队（输入）.txt",
    "content": "公交总队汽车租赁数据\n\n\n\nXXXX年XX月XX日，本市租赁汽车行业共采集核验承租人XXXX人次，禁租重点人XX人次（涉案前科类XX人次、涉精神类X人次、涉访类X人次、重点关注人员X人次）\nXXXX年XX月X日以来，共采集核验全市承租人X.X万人次，禁租重点人员XXX人次。XXXX年以来，共采集核验全市承租人XXX.X万人次，禁租重点人员XXXX人次。\n\n\n\n\n\n\n\n\n\n\n\n\n\n"
  },
  {
    "id": "ca95196a-71b6-4da6-8ef4-8034991d2564",
    "name": "主任版文档（输出）.txt",
    "content": "一、警务要素“ 勤”方面\n\n【工作情况及调度检查问题】\n  月  日，指挥部共调度检查    次，其中政治中心区   次，社会面勤务  次，外围检查站   次。\n（一）政治中心区防控工作情况\n前  小时，政治中心区启动加强防控勤务，同一时间投入   岗    人。依托政治中心区一体化管控平台，对以  个网格为主的各岗位和最小作战单元运行机制进行全面监测调度督导。期间，开展预警调度指挥  次，对一线带班领导电台调度  次，视频巡检   次，实地检查岗位  个。\n\t\n二、勤务要素“情”方面\n  月  日，全局共派三级以上警情   件，环比（   件）上升  . %，占派警总量 %（无一级、二级警情）。\n【全市警情整体态势】\n （一）警情总量情况\n  月  日，全局共接报警情     件，环比下降 . %，同比上升 . %（对比去年  月份均值     件上升 . %）。其中派警类     件（占总量  . %），环比下降 . %，同比上升  . %（对比去年  月份均值     件上升  . %）；非派警类    件（占总量  . %），环比下降 . %，同比下降  . %。\n （二）刑事治安警情\n经与执法办案平台校准，  月  日刑事治安警情共计   件，环比上升 . %，同比下降  . %（比去年  月份均值    件下降  %）。其中自主打击类自接警   件（占比  . %）。\n剔除自主打击类自接警后，刑事治安警情共计   件，环比上升 . %，同比下降  . %（对比去年  月份均值    件下降  . %）；其中刑事警情   件，环比多  件（同比下降  . %）；治安警情   件，环比持平（同比下降  . %）。从重点关注类别看，其中电信网络诈骗和盗窃警情环比有所上升，其他各类别警情接报平稳。\n【区域警务流转调度情况】\n前  小时，区域警务合作指挥部共接报处理情况信息   件。流转线索   条、涉及    人。源头化解个人扬言滋事等情况  起。\n  月  日抽查外省重点人落实稳控情况：共检查 件，涉及河南、湖北、浙江、山西、山东各 件，稳控对象涉及投资受损、扬言极端等群体。经与责任人核查， 件反馈内容均属实。\n（一）敏感舆情\n  月  日，指挥部接报需重点关注的突出舆情 起，具体情况为：\n .个别网民发帖举报一我市网民虐待边牧犬。（  月  日局长群舆情）  月  日  时许，网安总队工作发现，近日，个别网民发帖举报小红书网民“indoorshong”（关联身份郭梦实，男，  岁，本市朝阳区人，现住本市朝阳区）  月  日凌晨在一讨论边牧犬的帖文下发布评论称“   不到，养了一个月扔了”，并配一张前肢被翻折的边牧犬照片。对此，有网民呼吁严惩施暴者，并@平安北京。网安总队已部署降温调控，通报治安总队、朝阳分局、新闻中心。\n朝阳分局：经麦子店派出所民警对郭梦实进行询问，该人称自己之前    年 月 日购买过一只黑白配色的边牧犬，正常饲养，但因为这只边牧犬在其卧室内大便，不好管理，该人动手打过这只边牧犬，因为这只边牧犬把其手抓伤，该人为了教育这只狗，将狗的前肢反绑，    年 月  日，因为该人忍受不了狗身上的味道，将狗遗弃。    年  月  日，该人因为在网上与网友吵架，情绪失控，就在网上将自己拍摄的其养狗时期拍摄的狗在洗衣机内的照片和反绑狗前肢的照片发到网上与网友吵架，将狗放在洗衣机内的照片是该人给狗洗完澡后将狗放在洗衣机内摆拍。\n .央媒报道故宫针对游客反映百年展排队游览体验不佳一事进行回应：后续进行优化调整。（  月  日局长群舆情）  月  日  时许，网安总队工作发现，《中国新闻周刊》  月  日报道，近日，有游客反映，参观故宫百年展排队长达 小时，游览体验不佳。有游客发文称，为了参观《清明上河图》排队至深夜  点，展区动线设置不够合理，且存在插队现象，  月  日晚工作人员给排队游客发放热水取暖。对此，  月  日中国新闻周刊从故宫工作人员处了解到，故宫方面已经关注到相关情况，以往故宫博物院下午 点结束游览，本次百年大展期间，闭馆时间将以现场实际情况为准，“已经约上门票的观众，没有不让排队的道理”。针对网友反映的相关问题，故宫工作人员表示将进行反馈，后续再看如何进行优化调整。《新黄河》《新浪》等 家媒体网站转载，网民评论  条，部分网民认为此次故宫百年展排队时间过长，体验不佳。网安总队已通报内保局，治安、环食药旅总队，天安门分局。\n天安门分局：一、“百年守护 ----从紫禁城到故宫博物院”布展详情： .地点：午门城楼上设置展览。 .展览期限：    年 月  日至  月  日。 .售票情况：展览不单独售票，通过故宫博物院微信小程序进行预约参观（预约散客票    张、年票   张）。预约采取按日预约制度，无分时段预约划分。\n二、“百年守护 ----从紫禁城到故宫博物院”参观情况：因百年展览中“清明上河图卷”“\"五牛图卷”“伯远帖卷”真迹关注度高，每名进入展览的观众观看较为仔细，行进速度较慢。\n三、措施情况：针对此情况，一是延长开放时间。故宫院方在本次百年大展期间，故宫闭馆时间延长，具体时间以现场实际情况为准。二是强化现场力量部署。故宫院方工作人员、保安员、武警、民警协同配合维持参观秩序，将游客分段放行至展厅内顺序排队参观。三是根据实际情况组织参观流线。游客统一由西马道检票进入，参观“清明上河图卷”的游客专设通道排队；参观“五牛图卷”和“伯远帖卷”的游客，单设护栏围成的通道排队参观；参观其他展品的游客，由 号展厅西燕翅楼行至 号展厅东燕翅楼参观展览。由东马道参观离场。参观全程单向通行。\n针对央媒报道故宫排队游览体验不佳情况，我分局已通报并对接故宫院方相关部门持续加大客流疏导力度，加强现场秩序维护，持续优化参观措施，确保参观顺利平稳有序。\n .    怀柔徒步大会将于  月  日在环雁栖湖路举行，雁栖湖路全路段将实施临时交通管制。（  月  日局长群舆情）北京怀柔区融媒体中心官方微信公众号“北京怀柔”  月  日发布消息，    （第九届）北京怀柔徒步大会将于    年  月  日（星期六）上午 :  至  :  在环雁栖湖路举行，届时雁栖湖路全路段将实施临时交通管制，禁止所有机动车、非机动车通行。请通行雁栖湖路的车辆提前选择范崎路、京加路等道路绕行，并服从现场指挥。《北京日报》《千龙网》等 家媒体网站转载。网安总队已通报交管局、治安总队、怀柔分局。\n怀柔分局：    第九届徒步大会将于  月  日 时至  时在雁栖湖环湖路举行，参加活动爱好者共    人。活动路线全程  .  公里。\n组织领导 我局成立    徒步大会安全监管联勤指挥部，由副区长、分局党委书记、局长蔡新宇，分局党委副书记、政委刘尚奇任总指挥，分局党委委员、副局长尚军；分局党委委员、副局长张贺明任副总指挥。尚军副局长牵头负责全程交通秩序维护工作；张贺明副局长牵头负责全程治安秩序维护工作。分局指挥处、一支队、治安支队、交通支队、反特巡支队、警务支援大队、雁栖派出所一把手为联勤指挥部成员。\n警力部署 根据活动特点，结合安保实际情况，共划分 个安保区， 个前置备勤车组、 个武装处突车组，监督指导承办方做好现场秩序维护工作。活动共计部署警力  人（不含交通警力），其中固定岗位秩序维护警力  人，其他  人为指挥部及巡线警力。具体部署如下：\n三、工作措施 一是结合道路封控情况和活动路线，提前指导承办方加强雁栖湖周边内部单位的宣传引导工作；二是重点在下辛庄路口增加安保力量，加强人流疏导，由工作人员、保安员进行提示引导，必要时出动民警开展秩序维护；三是加强对柏崖厂大桥的物防设施和人力投入，指导承办方设置缓冲区；四是指导承办方在北山栈道部署医疗人员，遇突发情况及时救治救助；五是指导承办方及安保公司提前开展业务培训，明确牵头领导及职责任务；六是在活动前对活动路线周边铁马等物防设置码放情况进行实地督导检查，确保活动顺利进行。\n .媒体报道美团在多城市试点外卖骑手“拉黑”屏蔽顾客功能。（  月  日局长群舆情）  月  日  时许，网安总队工作发现，上海报业集团旗下《界面新闻》  月  日报道，近日，有外卖骑手在社交平台上发帖称，美团在福建晋江、浙江绍兴等七个城市（未提及北京）试点上线骑手评价用户和骑手屏蔽用户功能，赋予骑手屏蔽用户的权限。在该功能下，订单结束后的  小时内，骑手可在订单页对用户进行匿名评价。若遇到顾客辱骂、恐吓威胁等场景，骑手可在评价页面勾选 “不再为该顾客送餐” 快捷屏蔽用户。  月  日，记者从美团客服处获悉，上述功能为最近新增，设置屏蔽后，   天之内骑手不会接到该用户的订单。这一功能目前已在多个城市开放，后续会进一步推广，但具体时间尚未确定。 截至目前，《新民晚报》《北京商报》等  家媒体网站转载，网民评论 万余条。多数网民认为美团试点此功能可有效保障外卖员权益，对此表示支持。网安总队已通报治安总队。\n .俄罗斯挫败一起针对国防部高级军官的袭击，拘留 名嫌疑人。（  月  日局长群舆情）中央广播电视总台新闻频道国际时讯栏目  月  日报道，俄罗斯媒体援引俄罗斯联邦安全局消息称，俄联邦安全局挫败了一起针对俄罗斯国防部高级军官的袭击。据报道，袭击由乌克兰特种作战部队和极端组织共同策划， 名嫌疑人已被拘留，其中 人为俄罗斯公民，另外 人来自中亚国家。据悉，此次袭击计划使用爆炸装置在莫斯科一处人口密集区域实施，爆炸装置可在半径  米的范围内造成持续破坏。目前，乌克兰方面尚未对此作出回应。《央视新闻》《北京日报》等  家媒体网站转载。网安总队已通报反恐特警总队。\n\n\n六、警务要素“物”方面\n截止  月  日，全市共在册列管重点危险物品 类     个，无新增低慢小航空器具。\n【治安系统】截止目前，全市治安系统列管危险品单位共    个、低慢小航空器具 . 万具，共涉及 类，分别为易制爆危险化学品单位    个、民爆物品单位  个、枪支弹药单位   个、剧毒化学品单位   个、烟花爆竹本市无生产销售单位、放射性物品单位   个、低慢小航空器爱好者  .  万人，器具 . 万具。无新增列管危险品单位，无新增。结合警情接报，通过系统自主调度和牵动属地分局出动警力，前  小时，牵动治安系统出动警力   人次，检查危险物品从业单位   家；共排查重点部位  处，未发现突出问题。\n共收缴物品 件(烟花爆竹 箱），刑事拘留 人。\n线下刀具管理：今年以来全市线下实体店共销售刀具     把，前  小时销售  把。\n【人口系统】截止目前，网安总队共推送  类重点人员购刀数据    条，涉及人口基层总队    条、禁毒总队    条、第一总队   条、治安总队   条、经侦总队  条。 \n    年  月  日，网安总队推送重点人员购刀数据  条，基管平台下发重点人购刀数据  条，其中，非刀数据 条，购刀数据 条（无风险 ，低风险 条，已退货 条，收货地址不在京 条，无需评定 条）， 条正在工作中。\n截止今日基管中心下发各分局处置重点人购刀线索任务    条（分别为人口基层总队    条、禁毒总队    条、第一总队   条、治安总队   条、经侦总队 条）。经派出所研判处置，现已有    条处置完成（条评估为无风险，条评估为低风险，条无需评估风险等级）,   条正在工作中。\n【公交系统】    年  月  日，本市租赁汽车行业共采集核验承租人    人次，禁租重点人  人次（涉案前科类  人次、涉精神类 人次、涉访类 人次、重点关注人员 人次）\n    年  月 日以来，共采集核验全市承租人 . 万人次，禁租重点人员   人次。    年以来，共采集核验全市承租人   . 万人次，禁租重点人员    人次。\n【内保系统】截止目前，全市   座加油站，无新增加油站。前  小时，未接报涉及加油站的治安刑事警情，检查未发现加油站突出问题（符合行政处罚条件），线上申请购买散装汽油   人次，    年以来线上累计购买散装汽油      人次。\n【无人机数据】\n自    年  月 日起，情报研战团队共接报    起无人机事件。已办结：   件，未办结：   件（调证中：   件；工作中   件）。\n今日接报 起无人机事件。\n .（已办结）  月  日 时  分，无人机反制中心自建阵地发现一大疆御Air 无人机警情，显示位置在东城区内蒙古大厦附近，高度 米、速度 米/秒，SN码 N BH N     U 。经民警到场工作，乘客屈子欣乘火车自吉林至北京，在经过北京站地铁站安检时被站内民警要求开机，后被发现。其自述今日坐地铁准备返回海淀清河街道毛纺厂南小区家中，携带无人机为    年在网上购买，用于外地旅途中拍照使用，无人机型号:MAVIC AIR 。为进一步核对登记无人机序列号，在民警监督下开机核验序列号后关机。现已告知该人相关政策，并通报其海淀暂住地派出所，告知其自行前往派出所报备。\n .（工作中）  月  日  时  分，无人机反制中心经工作发现一大疆御 Pro无人机警情，显示位置在中山公园音乐堂附近，无高度、速度信息，SN码F  QC   K     NA。经现场走访查找和视频回溯，未发现携带无人机情况。下步天安门分局将继续开展走访调查，如仍未发现将按照分局规范开展调证查人等工作。\n .（工作中）  月  日  时  分，无人机反制中心自建阵地发现一大疆FPV无人机警情，显示位置在西城区北京天桥艺术大厦附近，高度  米，速度 .  米/秒，SN码  QBK NBD   SS。经现场工作，空中飞行的系风筝，目前无人机信号消失，反特总队正会同属地开展工作。\n .（调证中）  月  日  时  分，无人机反制中心经工作发现一大疆mini 无人机警情，显示位置在房山区良坨北路附近，高度  米，速度 . 米/秒，SN码 C CLCM   CQHF。经工作，现场未发现，目前由房山分局进行调证工作。\n .（调证中）  月  日  时  分，无人机反制中心工作中发现一道通无人机警情，显示位置在海淀区马甸月季园小区附近，高度 米，速度 . 米/秒，SN码    CLTO         。海淀分局民警前往马甸月季园小区附近查找，未发现放飞无人机情况，调取小区内视频也未发现。准备调取SN码查找该人信息。"
  },
  {
    "id": "doc_1769400954314_sy9t5auy5",
    "name": "无人机--最新.txt",
    "content": "自XXXX年XX月X日起，情报研战团队共接报XXXX起无人机事件。已办结：XXX件，未办结：XXX件（调证中：XXX件；工作中XXX件）。\n    今日接报X起无人机事件。\n    X.（已办结）XX月XX日X时XX分，无人机反制中心自建阵地发现一大疆御AirX无人机警情，显示位置在东城区内蒙古大厦附近，高度X米、速度X米/秒，SN码XNXBHXNXXXXXUX。经民警到场工作，乘客屈子欣乘火车自吉林至北京，在经过北京站地铁站安检时被站内民警要求开机，后被发现。其自述今日坐地铁准备返回海淀清河街道毛纺厂南小区家中，携带无人机为XXXX年在网上购买，用于外地旅途中拍照使用，无人机型号:MAVIC AIRX。为进一步核对登记无人机序列号，在民警监督下开机核验序列号后关机。现已告知该人相关政策，并通报其海淀暂住地派出所，告知其自行前往派出所报备。\n    X.（工作中）XX月XX日XX时XX分，无人机反制中心经工作发现一大疆御XPro无人机警情，显示位置在中山公园音乐堂附近，无高度、速度信息，SN码FXXQCXXXKXXXXXNA。经现场走访查找和视频回溯，未发现携带无人机情况。下步天安门分局将继续开展走访调查，如仍未发现将按照分局规范开展调证查人等工作。\n    X.（工作中）XX月XX日XX时XX分，无人机反制中心自建阵地发现一大疆FPV无人机警情，显示位置在西城区北京天桥艺术大厦附近，高度XX米，速度X.XX米/秒，SN码XXQBKXNBDXXXSS。经现场工作，空中飞行的系风筝，目前无人机信号消失，反特总队正会同属地开展工作。\n    X.（调证中）XX月XX日XX时XX分，无人机反制中心经工作发现一大疆miniX无人机警情，显示位置在房山区良坨北路附近，高度XX米，速度X.X米/秒，SN码XCXCLCMXXXCQHF。经工作，现场未发现，目前由房山分局进行调证工作。\n    X.（调证中）XX月XX日XX时XX分，无人机反制中心工作中发现一道通无人机警情，显示位置在海淀区马甸月季园小区附近，高度X米，速度X.X米/秒，SN码XXXXCLTOXXXXXXXXX。海淀分局民警前往马甸月季园小区附近查找，未发现放飞无人机情况，调取小区内视频也未发现。准备调取SN码查找该人信息。\n",
    "uploadedAt": 1769400954314
  }
]