{
  "eyebrow": {
    "text": "Experience Studio",
    "style": {
      "fontSize": 15,
      "color": "#1e293b",
      "backgroundColor": "transparent",
      "fontWeight": 500,
      "borderColor": "#e2e8f0",
      "borderWidth": 1,
      "borderRadius": 6,
      "textAlign": "center"
    },
    "position": {
      "left": 13,
      "top": 39
    },
    "width": 249,
    "height": 40
  },
  "title": {
    "text": "经验沉淀工作台",
    "style": {
      "fontSize": 35,
      "color": "#1e293b",
      "backgroundColor": "transparent",
      "fontWeight": 500,
      "borderColor": "#e2e8f0",
      "borderWidth": 1,
      "borderRadius": 6,
      "textAlign": "center"
    },
    "position": {
      "left": -10,
      "top": -36
    },
    "width": 311,
    "height": 42
  }
}